{"centers":[[1.9264120363988237,0.1404202784012793],[2.2618505955497379,-0.990478924224123],[2.6341972428345697,1.0202991109879926],[3.5607785046345239,-0.2016337969710785],[-3.2743575804796858,0.16687742769597452],[-2.9173368466909078,-0.98483455711028089],[-2.5446695534262664,1.0293392328232298],[-1.6468743988207928,-0.17998877160299384]],"radii":[0.80515474265431308,1.0217385890922719,1.0262485820613694,1.0170048261615057,0.925408144129793,0.99320394139070556,0.96736577894869,0.97865268438708763],"categories":{"labels":["category 1","category 2","category 3","category 4","category 5","category 6","category 7","category 8"],"colors":[[0.98039215686274506,0.54117647058823526,0.45882352941176469],[0.96470588235294119,0.53333333333333333,0.62352941176470589],[0.84313725490196079,0.58039215686274515,0.7686274509803922],[0.63529411764705879,0.65098039215686276,0.84313725490196079],[0.39215686274509803,0.70588235294117652,0.82352941176470584],[0.23921568627450981,0.73333333333333328,0.70588235294117652],[0.34509803921568627,0.74117647058823533,0.54509803921568623],[0.52941176470588236,0.72156862745098038,0.3843137254901961]],"vectors":[]}}
